"Time_Iter","Outer_Iter","Inner_Iter",     "rms[P]"     ,     "rms[U]"     ,     "rms[V]"     ,     "rms[T]"     ,     "rms[nu]"    
          0,           0,           0,      -7.320644479,      -6.846026458,      -6.560547479,      0.8451613219,       -11.3980038
          0,           0,           1,       -7.52003949,      -6.903783613,      -6.856106655,      0.8000803319,      -11.39193792
          0,           0,           2,      -7.583471841,      -6.923267382,      -6.971961755,      0.7633459468,      -11.38494982
          0,           0,           3,      -7.617706019,      -6.940431685,      -7.018123316,      0.7270959828,      -11.37636534
          0,           0,           4,      -7.643366064,      -6.956044008,      -7.054405902,      0.7063855881,      -11.36864893
          0,           0,           5,       -7.66077614,      -6.968249132,      -7.092685666,      0.6904287947,      -11.36458108
          0,           0,           6,      -7.672269543,      -6.977832764,      -7.137328994,      0.6758272387,      -11.36550716
          0,           0,           7,      -7.681837886,      -6.986355382,      -7.181404592,      0.6717289871,       -11.3712655
          0,           0,           8,      -7.693338684,      -6.994453296,      -7.209523469,      0.6604305488,      -11.38066898
          0,           0,           9,      -7.708295495,      -7.001631006,        -7.2129572,      0.6535334986,      -11.39198305
          0,           0,          10,      -7.725202153,      -7.007021722,      -7.200623797,      0.6474263673,      -11.40329859
          0,           0,          11,      -7.740741581,      -7.010066069,      -7.187942592,      0.6379589858,      -11.41284124
          0,           0,          12,      -7.752112128,      -7.010709735,      -7.184645205,      0.6278562096,      -11.41926652
          0,           0,          13,       -7.75896655,      -7.009312527,       -7.19409079,      0.6218121628,      -11.42190224
          0,           0,          14,      -7.763506807,      -7.006515985,      -7.216086427,       0.611083104,      -11.42083299
          0,           0,          15,      -7.768919166,      -7.003107789,      -7.248593497,      0.6027647342,       -11.4167778
          0,           0,          16,      -7.777676898,      -6.999856468,      -7.288395541,      0.5987357289,      -11.41082525
          0,           0,          17,      -7.790692539,      -6.997352926,      -7.331648088,      0.5872722299,      -11.40415214
          0,           0,          18,      -7.807281907,       -6.99591909,      -7.374854226,      0.5826332276,      -11.39780524
          0,           0,          19,       -7.82561999,      -6.995601868,      -7.415980992,      0.5779108369,      -11.39256966
          0,           0,          20,       -7.84348433,      -6.996229059,      -7.454724782,      0.5703104489,      -11.38891378
          0,           0,          21,      -7.859069075,      -6.997490725,      -7.491398297,      0.5655449481,      -11.38699108
          0,           0,          22,      -7.871535283,      -6.999022374,      -7.525283178,      0.5589667951,      -11.38668108
          0,           0,          23,      -7.881016109,         -7.000471,      -7.553856486,      0.5507051372,      -11.38765535
          0,           0,          24,      -7.888186431,      -7.001533176,       -7.57392118,      0.5431722037,      -11.38945806
          0,           0,          25,      -7.893782154,      -7.001963883,      -7.584149979,      0.5358687283,      -11.39159167
          0,           0,          26,      -7.898360312,      -7.001568699,      -7.586614488,       0.529830073,      -11.39359757
          0,           0,          27,      -7.902318691,      -7.000196619,      -7.585600495,      0.5255794321,      -11.39512025
          0,           0,          28,      -7.906023835,       -6.99774618,      -7.585164482,      0.5208009938,      -11.39594547
          0,           0,          29,      -7.909896795,      -6.994184779,      -7.587627656,      0.5140994993,      -11.39600813
          0,           0,          30,      -7.914389304,      -6.989563144,      -7.593408242,      0.5076777049,      -11.39537274
          0,           0,          31,      -7.919880548,      -6.984014789,      -7.601583542,       0.502562936,      -11.39419528
          0,           0,          32,      -7.926560355,      -6.977734976,      -7.610706981,      0.4976789921,      -11.39267776
          0,           0,          33,      -7.934351956,      -6.970947471,      -7.619610462,      0.4933971251,      -11.39102548
          0,           0,          34,      -7.942897585,       -6.96387245,      -7.627912386,      0.4857983221,       -11.3894139
          0,           0,          35,      -7.951606595,      -6.956705535,      -7.636010605,      0.4804030043,      -11.38796843
          0,           0,          36,       -7.95975381,      -6.949610378,      -7.644618483,      0.4763783938,      -11.38675708
          0,           0,          37,      -7.966608898,      -6.942720836,      -7.654159687,      0.4702781981,      -11.38579409
          0,           0,          38,      -7.971569802,      -6.936146767,      -7.664342985,      0.4650899264,      -11.38505116
          0,           0,          39,      -7.974269159,      -6.929978543,      -7.674094187,      0.4600318522,      -11.38447297
          0,           0,          40,      -7.974630155,      -6.924283606,      -7.681893897,      0.4543980406,      -11.38399576
          0,           0,          41,      -7.972851663,      -6.919110398,      -7.686413598,      0.4493679525,      -11.38356509
          0,           0,          42,      -7.969346364,        -6.9144865,      -7.687172487,      0.4438929789,      -11.38315223
          0,           0,          43,      -7.964653268,      -6.910420839,      -7.684780313,      0.4387879094,       -11.3827655
          0,           0,          44,      -7.959352089,      -6.906909069,      -7.680617608,      0.4334154698,      -11.38245408
          0,           0,          45,      -7.953996988,        -6.9039412,      -7.676208739,      0.4283008084,      -11.38230306
          0,           0,          46,      -7.949075469,      -6.901509594,      -7.672675425,      0.4229533489,      -11.38242122
          0,           0,          47,      -7.944989255,      -6.899615418,      -7.670466396,       0.417773136,      -11.38292429
          0,           0,          48,      -7.942051554,       -6.89827233,      -7.669351213,      0.4124230018,      -11.38391743
          0,           0,          49,      -7.940494345,      -6.897507083,       -7.66859656,      0.4071855238,      -11.38548026
          0,           0,          50,      -7.940480931,      -6.897357505,      -7.667252174,      0.4018180428,      -11.38765713
          0,           0,          51,      -7.942119932,      -6.897868982,      -7.664472407,      0.3965457124,      -11.39045389
          0,           0,          52,      -7.945479679,      -6.899090345,       -7.65977268,      0.3911819872,      -11.39384092
          0,           0,          53,      -7.950598578,       -6.90106997,      -7.653128858,      0.3858915848,      -11.39776106
          0,           0,          54,      -7.957491513,      -6.903852468,       -7.64489186,      0.3805172592,      -11.40214016
          0,           0,          55,      -7.966151643,      -6.907475853,      -7.635584904,      0.3752120232,      -11.40689743
          0,           0,          56,      -7.976547797,      -6.911968965,       -7.62569461,      0.3698165481,       -11.4119535
          0,           0,          57,      -7.988618425,      -6.917348914,      -7.615538316,      0.3644949239,      -11.41723462
          0,           0,          58,      -8.002263232,      -6.923618457,      -7.605232056,      0.3591022048,      -11.42267298
          0,           0,          59,      -8.017333667,      -6.930763423,      -7.594738506,      0.3537543435,      -11.42820388
          0,           0,          60,      -8.033623602,      -6.938750415,       -7.58395648,      0.3483339187,      -11.43376161
          0,           0,          61,      -8.050861536,      -6.947525069,      -7.572812043,      0.3429630953,      -11.43927588
          0,           0,          62,      -8.068706494,      -6.957011081,      -7.561321071,      0.3375139532,      -11.44467006
          0,           0,          63,      -8.086750873,       -6.96711009,      -7.549608821,      0.3321042198,      -11.44986191
          0,           0,          64,      -8.104534826,      -6.977702364,       -7.53788979,      0.3266275096,      -11.45476728
          0,           0,          65,      -8.121576477,      -6.988648014,      -7.526424299,      0.3211711456,      -11.45930491
          0,           0,          66,      -8.137421286,      -6.999788815,      -7.515471211,      0.3156633521,      -11.46340203
          0,           0,          67,      -8.151705713,      -7.010950367,      -7.505252213,        0.31013796,      -11.46699914
          0,           0,          68,      -8.164223881,      -7.021944846,       -7.49593389,      0.3045889295,      -11.47005327
          0,           0,          69,      -8.174978264,      -7.032574809,      -7.487626528,      0.2990172317,      -11.47253938
          0,           0,          70,      -8.184197153,      -7.042638621,      -7.480395078,       0.293422634,      -11.47444993
          0,           0,          71,      -8.192310182,      -7.051938075,      -7.474275532,       0.287805687,      -11.47579351
          0,           0,          72,      -8.199889226,      -7.060288544,      -7.469290467,      0.2821629767,      -11.47659231
          0,           0,          73,       -8.20757327,       -7.06753103,      -7.465462199,      0.2764882548,      -11.47687972
          0,           0,          74,      -8.215995414,      -7.073544849,      -7.462820161,       0.270789157,      -11.47669816
          0,           0,          75,      -8.225725249,      -7.078258983,      -7.461402862,      0.2650677144,      -11.47609716
          0,           0,          76,      -8.237230407,      -7.081659721,        -7.4612559,      0.2593234743,      -11.47513173
          0,           0,          77,      -8.250853868,      -7.083792778,      -7.462427711,      0.2535522534,      -11.47386097
          0,           0,          78,      -8.266800287,      -7.084759094,      -7.464964804,      0.2477463855,      -11.47234664
          0,           0,          79,      -8.285124347,      -7.084704895,      -7.468907739,      0.2419096356,       -11.4706519
          0,           0,          80,      -8.305714983,      -7.083807856,      -7.474288351,      0.2360433703,       -11.4688398
          0,           0,          81,       -8.32827181,      -7.082261763,       -7.48112827,      0.2301587984,      -11.46697191
          0,           0,          82,      -8.352273577,      -7.080262023,      -7.489438377,      0.2242570022,      -11.46510682
          0,           0,          83,      -8.376944575,      -7.077993749,      -7.499218352,      0.2183411453,      -11.46329876
          0,           0,          84,      -8.401234902,      -7.075623286,      -7.510455741,      0.2124143685,      -11.46159636
          0,           0,          85,      -8.423843216,      -7.073293321,      -7.523124051,      0.2064817031,       -11.4600416
          0,           0,          86,      -8.443318573,      -7.071121104,      -7.537179775,      0.2005483161,      -11.45866906
          0,           0,          87,      -8.458264272,      -7.069199092,      -7.552558257,      0.1946198895,       -11.4575054
          0,           0,          88,      -8.467614878,      -7.067597297,      -7.569168283,      0.1887155884,      -11.45656922
          0,           0,          89,      -8.470889886,      -7.066366497,       -7.58688655,      0.1828408871,      -11.45587118
          0,           0,          90,      -8.468308134,      -7.065542342,      -7.605553543,      0.1770139973,      -11.45541441
          0,           0,          91,      -8.460648046,      -7.065145987,      -7.624972837,      0.1712497321,      -11.45519508
          0,           0,          92,      -8.449048517,      -7.065191485,      -7.644901038,      0.1655589927,      -11.45520328
          0,           0,          93,      -8.434715302,      -7.065686085,      -7.665053881,      0.1599590776,      -11.45542399
          0,           0,          94,      -8.418728442,      -7.066632558,      -7.685109809,      0.1544714273,      -11.45583806
          0,           0,          95,      -8.401952597,      -7.068030881,      -7.704717741,      0.1491095765,      -11.45642329
          0,           0,          96,      -8.385024955,      -7.069879327,      -7.723510245,      0.1438946617,      -11.45715554
          0,           0,          97,      -8.368385297,      -7.072175296,       -7.74112361,       0.138836014,      -11.45800976
          0,           0,          98,      -8.352319294,      -7.074915468,      -7.757222388,      0.1339522706,       -11.4589609
          0,           0,          99,      -8.337000104,      -7.078095888,      -7.771528737,      0.1292625759,      -11.45998487
          0,           0,         100,      -8.322523413,      -7.081711868,      -7.783851336,      0.1247772106,      -11.46105914
          0,           0,         101,      -8.308933737,      -7.085757735,      -7.794107992,      0.1205095052,      -11.46216302
          0,           0,         102,      -8.296242904,      -7.090226566,      -7.802336014,      0.1164750998,      -11.46327821
          0,           0,         103,      -8.284442593,      -7.095109944,      -7.808686915,      0.1126923561,      -11.46438864
          0,           0,         104,       -8.27351242,      -7.100397779,      -7.813405514,      0.1091708535,      -11.46548031
          0,           0,         105,      -8.263424832,      -7.106078206,       -7.81679748,      0.1059287151,      -11.46654089
          0,           0,         106,      -8.254147738,      -7.112137597,       -7.81919177,      0.1029782466,      -11.46755918
          0,           0,         107,      -8.245645594,      -7.118560642,      -7.820904574,      0.1003384648,      -11.46852454
          0,           0,         108,      -8.237879538,      -7.125330501,      -7.822209639,     0.09802590331,      -11.46942633
          0,           0,         109,      -8.230806955,      -7.132428971,      -7.823317323,     0.09605479455,      -11.47025339
          0,           0,         110,      -8.224381264,      -7.139836578,      -7.824362579,     0.09444361543,      -11.47099379
          0,           0,         111,      -8.218551825,      -7.147532609,      -7.825400881,     0.09320296468,      -11.47163463
          0,           0,         112,      -8.213264118,      -7.155494936,      -7.826410796,     0.09234055602,       -11.4721621
          0,           0,         113,      -8.208460793,      -7.163699639,       -7.82730247,     0.09186856598,      -11.47256051
          0,           0,         114,      -8.204083138,      -7.172120409,      -7.827931353,     0.09179587474,      -11.47281661
          0,           0,         115,      -8.200072805,      -7.180727727,      -7.828116896,     0.09211702452,      -11.47291649
          0,           0,         116,       -8.19637436,      -7.189487896,      -7.827666282,     0.09283282672,      -11.47284715
          0,           0,         117,      -8.192936515,      -7.198362004,      -7.826400499,     0.09392865897,        -11.472597
          0,           0,         118,      -8.189713933,      -7.207305013,      -7.824179951,     0.09539452776,      -11.47215615
          0,           0,         119,       -8.18666805,      -7.216265056,      -7.820926388,     0.09721302834,      -11.47151669
          0,           0,         120,      -8.183767233,      -7.225183189,      -7.816636457,     0.09935743619,      -11.47067269
          0,           0,         121,      -8.180986252,       -7.23399372,      -7.811384151,      0.1018138371,      -11.46962014
          0,           0,         122,      -8.178305204,       -7.24262531,      -7.805311497,      0.1045608686,      -11.46835678
          0,           0,         123,       -8.17570806,      -7.251002906,      -7.798609545,      0.1075570788,      -11.46688188
          0,           0,         124,      -8.173181009,      -7.259050489,      -7.791493711,      0.1107891065,      -11.46519602
          0,           0,         125,      -8.170710389,      -7.266694313,      -7.784177705,      0.1142584177,      -11.46330067
          0,           0,         126,      -8.168283438,      -7.273868217,      -7.776848557,      0.1179315978,      -11.46119855
          0,           0,         127,      -8.165885234,      -7.280515465,      -7.769659842,      0.1217554062,      -11.45889333
          0,           0,         128,      -8.163498323,      -7.286593777,      -7.762710692,       0.125691065,      -11.45638959
          0,           0,         129,      -8.161102947,      -7.292078988,      -7.756042934,      0.1297272625,      -11.45369293
          0,           0,         130,      -8.158676944,      -7.296966295,      -7.749644324,      0.1338247877,      -11.45081004
          0,           0,         131,      -8.156196082,      -7.301270948,      -7.743455817,      0.1379718418,      -11.44774883
          0,           0,         132,      -8.153634554,      -7.305027285,      -7.737382576,      0.1421462387,      -11.44451854
          0,           0,         133,      -8.150965659,      -7.308286403,      -7.731307594,      0.1463158413,      -11.44112979
          0,           0,         134,      -8.148162665,       -7.31111276,      -7.725106758,      0.1504821486,       -11.4375947
          0,           0,         135,      -8.145199857,      -7.313580097,      -7.718663976,      0.1546201887,      -11.43392674
          0,           0,         136,      -8.142053736,      -7.315767093,       -7.71188477,       0.158663843,      -11.43014071
          0,           0,         137,      -8.138704333,      -7.317753135,      -7.704706732,      0.1626501724,      -11.42625254
          0,           0,         138,      -8.135136572,      -7.319614522,      -7.697105668,       0.166574187,      -11.42227905
          0,           0,         139,       -8.13134157,      -7.321421298,      -7.689096907,      0.1704222285,      -11.41823774
          0,           0,         140,      -8.127317736,      -7.323234841,      -7.680731984,      0.1741808764,      -11.41414643
          0,           0,         141,      -8.123071581,      -7.325106225,      -7.672092192,       0.177824128,        -11.410023
          0,           0,         142,      -8.118618029,        -7.3270753,      -7.663279802,      0.1813322756,      -11.40588509
          0,           0,         143,      -8.113980182,      -7.329170412,      -7.654408554,      0.1847317785,      -11.40174981
          0,           0,         144,      -8.109188593,       -7.33140868,      -7.645595326,      0.1880305389,      -11.39763352
          0,           0,         145,      -8.104280046,      -7.333796691,      -7.636953324,      0.1912008989,      -11.39355159
          0,           0,         146,      -8.099295974,      -7.336331541,      -7.628587236,      0.1942546242,      -11.38951826
          0,           0,         147,       -8.09428067,      -7.339002092,       -7.62059035,      0.1971899093,       -11.3855465
          0,           0,         148,      -8.089279459,      -7.341790403,      -7.613043339,      0.2000020286,      -11.38164798
          0,           0,         149,         -8.084337,       -7.34467322,      -7.606014307,      0.2026930552,      -11.37783298
          0,           0,         150,      -8.079492437,      -7.347614356,      -7.599536569,      0.2052672122,      -11.37410929
          0,           0,         151,      -8.074784797,      -7.350583076,      -7.593668104,      0.2077035876,      -11.37048267
          0,           0,         152,      -8.070259342,      -7.353563759,      -7.588475702,      0.2100028582,      -11.36696028
          0,           0,         153,      -8.065941839,      -7.356528525,       -7.58397438,      0.2121838136,      -11.36354961
          0,           0,         154,       -8.06185611,      -7.359442424,      -7.580184146,      0.2142630789,      -11.36025583
          0,           0,         155,      -8.058025233,      -7.362275916,       -7.57712399,      0.2162262649,      -11.35708201
          0,           0,         156,      -8.054469106,      -7.365005764,       -7.57480918,      0.2180713532,      -11.35403034
          0,           0,         157,      -8.051203798,      -7.367612858,      -7.573248556,      0.2198150502,      -11.35110261
          0,           0,         158,      -8.048241814,      -7.370080987,      -7.572445455,      0.2214558485,       -11.3483002
          0,           0,         159,      -8.045592737,      -7.372396955,       -7.57239952,      0.2229736736,      -11.34562385
          0,           0,         160,      -8.043263905,      -7.374551029,      -7.573107358,      0.2243986006,      -11.34307373
          0,           0,         161,      -8.041260845,      -7.376537046,        -7.5745623,      0.2257400349,      -11.34064949
          0,           0,         162,      -8.039587011,      -7.378349313,      -7.576753919,      0.2269875499,      -11.33835008
          0,           0,         163,      -8.038245017,      -7.379988499,      -7.579669315,      0.2281551607,      -11.33617441
          0,           0,         164,      -8.037235364,      -7.381459026,      -7.583287723,      0.2292417964,      -11.33412151
          0,           0,         165,      -8.036556149,      -7.382765596,      -7.587580948,      0.2302410521,      -11.33219021
          0,           0,         166,      -8.036203765,       -7.38391361,       -7.59251364,      0.2311427183,      -11.33037903
          0,           0,         167,      -8.036172253,      -7.384908637,      -7.598045964,      0.2319858639,      -11.32868625
          0,           0,         168,      -8.036453222,      -7.385755952,      -7.604129523,      0.2327504644,       -11.3271101
          0,           0,         169,      -8.037035549,      -7.386460716,      -7.610704611,      0.2334317754,      -11.32564882
          0,           0,         170,      -8.037905799,      -7.387027454,      -7.617699206,      0.2340514727,      -11.32430073
          0,           0,         171,      -8.039047935,        -7.3874596,      -7.625027845,      0.2346026189,      -11.32306434
          0,           0,         172,      -8.040443398,      -7.387759331,      -7.632590827,      0.2350762162,      -11.32193836
          0,           0,         173,      -8.042071372,      -7.387927448,       -7.64027392,      0.2354889776,      -11.32092179
          0,           0,         174,      -8.043909042,      -7.387963424,      -7.647948927,      0.2358478503,        -11.320014
          0,           0,         175,      -8.045931911,      -7.387865643,      -7.655475512,      0.2361226333,      -11.31921475
          0,           0,         176,      -8.048114123,      -7.387631774,      -7.662704617,      0.2363073253,      -11.31852422
          0,           0,         177,      -8.050428807,      -7.387259257,      -7.669483672,      0.2364217873,      -11.31794312
          0,           0,         178,       -8.05284845,      -7.386745842,      -7.675663689,       0.236448371,      -11.31747262
          0,           0,         179,      -8.055345289,      -7.386089871,      -7.681108111,      0.2363678134,      -11.31711451
          0,           0,         180,      -8.057891718,      -7.385291158,      -7.685700613,      0.2361864471,       -11.3168708
          0,           0,         181,      -8.060460751,      -7.384351945,      -7.689358252,      0.2359191365,      -11.31674404
          0,           0,         182,      -8.063026489,      -7.383275938,      -7.692036961,      0.2355360746,       -11.3167373
          0,           0,         183,      -8.065568375,      -7.382073538,      -7.693705847,       0.235044748,      -11.31685422
          0,           0,         184,      -8.068058339,      -7.380756182,      -7.694422485,      0.2344398663,      -11.31709947
          0,           0,         185,      -8.070477865,      -7.379323998,      -7.694384976,      0.2337112146,      -11.31747777
          0,           0,         186,      -8.072813187,      -7.377778716,      -7.693619956,      0.2328463461,      -11.31799208
          0,           0,         187,      -8.075047443,      -7.376137717,      -7.692258082,      0.2318394391,      -11.31864545
          0,           0,         188,      -8.077171445,       -7.37441943,      -7.690492918,      0.2307037433,      -11.31944169
          0,           0,         189,      -8.079182083,      -7.372638096,      -7.688530586,      0.2293865049,      -11.32038502
          0,           0,         190,      -8.081080407,      -7.370805835,      -7.686561251,      0.2279019306,      -11.32147955
          0,           0,         191,      -8.082871169,      -7.368934959,      -7.684756717,       0.226275908,      -11.32272909
          0,           0,         192,      -8.084563192,      -7.367038189,      -7.683274984,      0.2244936446,       -11.3241372
          0,           0,         193,      -8.086169767,      -7.365127986,      -7.682260455,      0.2225542464,      -11.32570717
          0,           0,         194,      -8.087708679,      -7.363216182,      -7.681840896,       0.220463551,      -11.32744198
          0,           0,         195,      -8.089201566,      -7.361314059,      -7.682124968,      0.2182278821,      -11.32934415
          0,           0,         196,      -8.090673067,      -7.359432637,       -7.68320125,      0.2158175266,      -11.33141559
          0,           0,         197,      -8.092149964,      -7.357583004,      -7.685138454,      0.2132352042,      -11.33365759
          0,           0,         198,      -8.093660374,      -7.355776579,      -7.687986237,      0.2104928761,       -11.3360707
          0,           0,         199,      -8.095232905,      -7.354025345,      -7.691776122,       0.207554023,      -11.33865472
          0,           0,         200,      -8.096895792,       -7.35234206,      -7.696522241,      0.2044296605,      -11.34140865
          0,           0,         201,      -8.098676015,      -7.350740382,      -7.702221787,      0.2011358681,      -11.34433063
          0,           0,         202,       -8.10059848,      -7.349234925,      -7.708855162,      0.1976802908,       -11.3474179
          0,           0,         203,      -8.102685237,      -7.347841159,      -7.716385783,      0.1940458114,      -11.35066678
          0,           0,         204,      -8.104954852,       -7.34657525,      -7.724759896,        0.19024446,      -11.35407258
          0,           0,         205,      -8.107421833,      -7.345453865,      -7.733905994,      0.1862928441,      -11.35762965
          0,           0,         206,      -8.110096166,      -7.344493777,      -7.743734199,      0.1821852308,       -11.3613313
          0,           0,         207,      -8.112982989,      -7.343711487,      -7.754135793,      0.1779255413,      -11.36516984
          0,           0,         208,      -8.116082407,      -7.343122772,      -7.764983082,        0.17353845,      -11.36913659
          0,           0,         209,      -8.119389363,      -7.342742196,      -7.776130011,      0.1690198984,      -11.37322189
          0,           0,         210,      -8.122893751,      -7.342582538,      -7.787413418,      0.1643554903,      -11.37741519
          0,           0,         211,      -8.126580606,      -7.342654301,      -7.798656101,      0.1595886881,      -11.38170511
          0,           0,         212,      -8.130430643,      -7.342965132,      -7.809670978,      0.1547402793,      -11.38607952
          0,           0,         213,      -8.134420773,      -7.343519288,      -7.820266967,      0.1497860566,       -11.3905257
          0,           0,         214,      -8.138524832,      -7.344317133,      -7.830256421,      0.1447209068,      -11.39503043
          0,           0,         215,      -8.142714503,      -7.345354651,      -7.839463799,      0.1395678313,      -11.39958014
          0,           0,         216,      -8.146960391,      -7.346622997,      -7.847734794,      0.1343248679,       -11.4041611
          0,           0,         217,      -8.151233233,      -7.348108157,      -7.854944933,      0.1289790483,      -11.40875953
          0,           0,         218,      -8.155505187,      -7.349790528,      -7.861006493,       0.123558441,      -11.41336178
          0,           0,         219,      -8.159751241,      -7.351644733,      -7.865872754,      0.1180748481,       -11.4179545
          0,           0,         220,      -8.163950396,      -7.353639603,      -7.869538929,      0.1125176019,      -11.42252475
          0,           0,         221,      -8.168086881,      -7.355738251,      -7.872039602,      0.1068911363,      -11.42706016
          0,           0,         222,      -8.172151125,      -7.357898267,      -7.873443148,      0.1012366007,      -11.43154905
          0,           0,         223,       -8.17614045,      -7.360072298,      -7.873843989,     0.09553357043,      -11.43598053
          0,           0,         224,      -8.180060065,       -7.36220931,      -7.873353966,     0.08978073138,      -11.44034461
          0,           0,         225,      -8.183922358,      -7.364254803,      -7.872093828,     0.08401431589,      -11.44463226
          0,           0,         226,      -8.187746911,       -7.36615258,      -7.870185395,     0.07823730749,      -11.44883553
          0,           0,         227,      -8.191560091,      -7.367846365,      -7.867745278,     0.07244707398,      -11.45294755
          0,           0,         228,      -8.195394237,      -7.369281641,      -7.864880509,     0.06664024666,      -11.45696265
          0,           0,         229,      -8.199286617,       -7.37040763,      -7.861685866,     0.06085821671,      -11.46087638
          0,           0,         230,      -8.203278255,       -7.37117934,      -7.858242626,     0.05506270942,      -11.46468554
          0,           0,         231,      -8.207412691,      -7.371559498,      -7.854618457,     0.04925163186,      -11.46838824
          0,           0,         232,      -8.211734741,      -7.371520281,      -7.850868082,     0.04346604667,      -11.47198394
          0,           0,         233,       -8.21628933,      -7.371044695,      -7.847034462,     0.03770640765,      -11.47547343
          0,           0,         234,      -8.221120414,       -7.37012748,      -7.843150306,     0.03195119789,      -11.47885885
          0,           0,         235,      -8.226270053,      -7.368775481,      -7.839239705,     0.02619462801,      -11.48214371
          0,           0,         236,       -8.23177761,      -7.367007452,      -7.835319737,       0.020504173,      -11.48533282
          0,           0,         237,      -8.237679079,      -7.364853176,      -7.831401917,     0.01482262288,      -11.48843226
          0,           0,         238,       -8.24400661,      -7.362352669,      -7.827493379,    0.009151053055,      -11.49144929
          0,           0,         239,      -8.250788056,      -7.359554292,      -7.823598128,    0.003530672366,       -11.4943923
          0,           0,         240,      -8.258046637,      -7.356512966,      -7.819717952,   -0.002047035538,      -11.49727061
          0,           0,         241,      -8.265800667,      -7.353288317,      -7.815853062,    -0.00760811246,      -11.50009438
          0,           0,         242,      -8.274063269,      -7.349942802,      -7.812002666,    -0.01314986056,      -11.50287442
          0,           0,         243,      -8.282842068,      -7.346539968,      -7.808165441,    -0.01860755291,      -11.50562198
          0,           0,         244,      -8.292138787,      -7.343142884,      -7.804339929,    -0.02405660669,      -11.50834856
          0,           0,         245,      -8.301948755,      -7.339812839,      -7.800524852,    -0.02948876089,      -11.51106569
          0,           0,         246,       -8.31226023,      -7.336608285,      -7.796719457,    -0.03486091781,       -11.5137847
          0,           0,         247,      -8.323053496,      -7.333584045,      -7.792923805,    -0.04017857315,      -11.51651649
          0,           0,         248,       -8.33429971,      -7.330790743,      -7.789139081,    -0.04548382224,      -11.51927132
          0,           0,         249,       -8.34595943,       -7.32827445,      -7.785367922,    -0.05076614598,      -11.52205856
          0,           0,         250,      -8.357980816,       -7.32607649,      -7.781614739,    -0.05596208608,      -11.52488652
          0,           0,         251,      -8.370297501,      -7.324233383,       -7.77788603,    -0.06116509609,      -11.52776228
          0,           0,         252,      -8.382826476,      -7.322776858,      -7.774189782,     -0.0663526397,      -11.53069149
          0,           0,         253,      -8.395462167,      -7.321730454,      -7.770539613,    -0.07148084464,      -11.53367827
          0,           0,         254,      -8.408080204,      -7.321119746,      -7.766944186,    -0.07655876579,      -11.53672511
          0,           0,         255,      -8.420536577,      -7.320965039,      -7.763421807,    -0.08163497191,      -11.53983272
          0,           0,         256,      -8.432655628,      -7.321279524,      -7.759996368,    -0.08668271158,      -11.54299993
          0,           0,         257,      -8.444235526,      -7.322072725,      -7.756691641,    -0.09164599588,      -11.54622373
          0,           0,         258,      -8.455053618,      -7.323350801,      -7.753531917,    -0.09662138751,      -11.54949932
          0,           0,         259,       -8.46487211,      -7.325116341,      -7.750543763,     -0.1015735682,      -11.55282022
          0,           0,         260,      -8.473447015,      -7.327368237,       -7.74775637,     -0.1064668067,      -11.55617839
          0,           0,         261,      -8.480541504,      -7.330101667,      -7.745201168,     -0.1113112705,      -11.55956432
          0,           0,         262,      -8.485942021,      -7.333308298,      -7.742909878,     -0.1161631883,      -11.56296719
          0,           0,         263,      -8.489477658,      -7.336976215,      -7.740915099,     -0.1209779028,      -11.56637497
          0,           0,         264,      -8.491036517,      -7.341089897,      -7.739249919,     -0.1257157562,      -11.56977462
          0,           0,         265,      -8.490578498,      -7.345630119,      -7.737947303,     -0.1304758448,      -11.57315234
          0,           0,         266,      -8.488141043,      -7.350573855,      -7.737039677,      -0.135204028,      -11.57649375
          0,           0,         267,      -8.483836509,      -7.355894249,      -7.736558607,     -0.1398780221,      -11.57978416
          0,           0,         268,      -8.477842121,      -7.361560459,      -7.736534188,     -0.1445112837,      -11.58300874
          0,           0,         269,       -8.47038509,      -7.367537409,      -7.736995417,     -0.1491635926,      -11.58615286
          0,           0,         270,      -8.461723131,      -7.373786153,      -7.737970105,     -0.1537668565,      -11.58920217
          0,           0,         271,      -8.452126614,      -7.380263708,      -7.739483885,     -0.1583101156,      -11.59214289
          0,           0,         272,      -8.441863128,      -7.386923171,       -7.74155837,     -0.1628882676,       -11.5949619
          0,           0,         273,      -8.431186076,      -7.393713959,      -7.744213946,     -0.1674247438,      -11.59764692
          0,           0,         274,      -8.420327905,      -7.400582252,      -7.747468489,     -0.1719139184,      -11.60018665
          0,           0,         275,      -8.409491933,      -7.407470723,      -7.751336698,     -0.1763696368,      -11.60257086
          0,           0,         276,      -8.398856101,      -7.414319979,      -7.755829528,     -0.1808538935,      -11.60479045
          0,           0,         277,      -8.388571261,       -7.42106901,       -7.76095399,      -0.185269242,      -11.60683747
          0,           0,         278,      -8.378763113,        -7.4276562,      -7.766712626,     -0.1896498911,      -11.60870512
          0,           0,         279,      -8.369535136,      -7.434020493,      -7.773102765,     -0.1940772377,       -11.6103878
          0,           0,         280,      -8.360971517,      -7.440102719,      -7.780115644,     -0.1984461267,      -11.61188101
          0,           0,         281,      -8.353140052,      -7.445847048,      -7.787735278,     -0.2027704034,      -11.61318136
          0,           0,         282,      -8.346094606,      -7.451202426,      -7.795937967,      -0.207068934,      -11.61428651
          0,           0,         283,      -8.339878132,      -7.456124004,      -7.804688618,     -0.2114049299,      -11.61519515
          0,           0,         284,      -8.334524356,      -7.460574442,      -7.813942007,     -0.2156481982,      -11.61590693
          0,           0,         285,      -8.330059592,      -7.464524996,      -7.823639509,     -0.2198795177,      -11.61642245
          0,           0,         286,       -8.32650438,      -7.467956387,      -7.833706884,     -0.2241627377,       -11.6167432
          0,           0,         287,      -8.323874791,      -7.470859318,      -7.844052647,     -0.2283752145,      -11.61687162
          0,           0,         288,      -8.322183511,      -7.473234593,      -7.854566511,     -0.2325479228,      -11.61681102
          0,           0,         289,      -8.321440772,      -7.475092824,        -7.8651183,     -0.2367111747,      -11.61656564
          0,           0,         290,      -8.321655143,      -7.476453761,       -7.87555778,     -0.2409191648,       -11.6161406
          0,           0,         291,      -8.322834185,      -7.477345301,      -7.885715884,     -0.2450097132,      -11.61554196
          0,           0,         292,      -8.324985001,      -7.477802239,      -7.895407828,     -0.2491224298,      -11.61477664
          0,           0,         293,      -8.328114701,      -7.477864854,       -7.90443856,     -0.2532914645,      -11.61385245
          0,           0,         294,      -8.332230805,      -7.477577422,      -7.912610779,     -0.2573813937,        -11.612778
          0,           0,         295,      -8.337341589,      -7.476986747,      -7.919735379,     -0.2614301919,      -11.61156271
          0,           0,         296,      -8.343456378,      -7.476140758,      -7.925643661,      -0.265488623,      -11.61021667
          0,           0,         297,      -8.350585783,      -7.475087294,      -7.930200073,     -0.2695922098,      -11.60875061
          0,           0,         298,      -8.358741892,      -7.473873011,      -7.933313786,     -0.2735545011,      -11.60717575
          0,           0,         299,      -8.367938372,      -7.472542516,       -7.93494731,     -0.2775678442,       -11.6055037
          0,           0,         300,      -8.378190486,      -7.471137703,       -7.93512057,     -0.2816315405,      -11.60374632
          0,           0,         301,      -8.389514967,      -7.469697283,      -7.933909736,     -0.2856163533,      -11.60191561
          0,           0,         302,      -8.401929696,      -7.468256495,       -7.93144099,     -0.2895477548,      -11.60002355
          0,           0,         303,      -8.415453118,      -7.466846979,      -7.927880382,     -0.2935109782,      -11.59808196
          0,           0,         304,      -8.430103248,      -7.465496775,       -7.92342145,     -0.2975158446,      -11.59610235
          0,           0,         305,      -8.445896117,      -7.464230432,      -7.918272449,     -0.3013620102,      -11.59409585
          0,           0,         306,      -8.462843402,      -7.463069208,      -7.912644679,     -0.3052896087,      -11.59207304
          0,           0,         307,      -8.480948526,      -7.462031563,      -7.906742914,     -0.3092544243,      -11.59004385
          0,           0,         308,      -8.500202188,      -7.461132791,      -7.900758316,     -0.3131463787,      -11.58801752
          0,           0,         309,      -8.520575216,       -7.46038584,      -7.894863991,     -0.3169745172,      -11.58600246
          0,           0,         310,      -8.542006657,      -7.459801673,      -7.889212722,     -0.3208669611,      -11.58400628
          0,           0,         311,      -8.564389682,      -7.459389593,      -7.883936182,     -0.3247917721,      -11.58203569
          0,           0,         312,      -8.587550959,      -7.459157736,      -7.879145963,     -0.3285501918,      -11.58009651
          0,           0,         313,      -8.611226909,      -7.459112439,      -7.874933626,     -0.3324208561,      -11.57819371
          0,           0,         314,      -8.635029029,      -7.459259728,      -7.871371064,     -0.3363077911,      -11.57633137
          0,           0,         315,      -8.658409557,      -7.459605075,      -7.868514264,     -0.3401316756,      -11.57451277
          0,           0,         316,      -8.680632363,      -7.460153466,      -7.866405142,     -0.3438792496,      -11.57274044
          0,           0,         317,      -8.700764547,      -7.460909591,       -7.86507261,     -0.3477200733,      -11.57101618
          0,           0,         318,      -8.717712606,      -7.461878033,      -7.864533392,     -0.3515726646,      -11.56934117
          0,           0,         319,      -8.730327324,      -7.463063378,      -7.864792602,     -0.3552643436,      -11.56771606
          0,           0,         320,      -8.737583342,      -7.464470255,      -7.865844576,     -0.3590967192,      -11.56614099
          0,           0,         321,      -8.738796555,      -7.466103298,      -7.867673298,     -0.3629129823,      -11.56461579
          0,           0,         322,      -8.733798431,      -7.467967085,      -7.870252525,     -0.3666757451,      -11.56313996
          0,           0,         323,      -8.722983148,      -7.470066053,       -7.87354563,     -0.3703539825,      -11.56171284
          0,           0,         324,      -8.707202405,      -7.472404382,      -7.877505243,     -0.3741498623,      -11.56033369
          0,           0,         325,      -8.687562647,      -7.474985863,      -7.882072547,     -0.3779229945,      -11.55900174
          0,           0,         326,      -8.665214665,      -7.477813711,      -7.887177266,     -0.3815570182,      -11.55771631
          0,           0,         327,      -8.641201704,      -7.480890333,      -7.892737516,     -0.3853568984,      -11.55647685
          0,           0,         328,      -8.616384473,      -7.484217164,      -7.898657689,     -0.3891014968,      -11.55528302
          0,           0,         329,      -8.591425359,       -7.48779438,      -7.904830205,     -0.3928111824,       -11.5541347
          0,           0,         330,      -8.566807639,      -7.491620644,      -7.911135601,     -0.3964378585,      -11.55303213
          0,           0,         331,      -8.542868577,      -7.495692841,      -7.917443647,     -0.4002030306,      -11.55197586
          0,           0,         332,      -8.519833696,      -7.500005798,      -7.923615439,     -0.4038993476,      -11.55096681
          0,           0,         333,      -8.497846576,      -7.504552004,      -7.929506543,     -0.4074982916,       -11.5500063
          0,           0,         334,      -8.476992518,      -7.509321342,      -7.934971193,     -0.4112847092,      -11.54909603
          0,           0,         335,      -8.457316407,      -7.514300823,      -7.939867521,      -0.414969338,      -11.54823812
          0,           0,         336,      -8.438835725,      -7.519474347,      -7.944063566,     -0.4186315843,      -11.54743507
          0,           0,         337,      -8.421549843,      -7.524822495,      -7.947443648,     -0.4222168443,      -11.54668975
          0,           0,         338,      -8.405446546,       -7.53032235,      -7.949914412,     -0.4259536407,      -11.54600542
          0,           0,         339,      -8.390506571,      -7.535947388,      -7.951410061,     -0.4295653172,      -11.54538564
          0,           0,         340,       -8.37670672,      -7.541667429,      -7.951895965,     -0.4331342487,      -11.54483429
          0,           0,         341,      -8.364021976,      -7.547448702,      -7.951370104,     -0.4369010056,      -11.54435552
          0,           0,         342,      -8.352426935,      -7.553254004,      -7.949862365,     -0.4405220633,      -11.54395369
          0,           0,         343,      -8.341896739,       -7.55904302,      -7.947431626,     -0.4441313232,      -11.54363337
          0,           0,         344,      -8.332407693,      -7.564772754,      -7.944161103,     -0.4476791636,      -11.54339928
          0,           0,         345,      -8.323937687,      -7.570398149,      -7.940152525,     -0.4513843394,      -11.54325625
          0,           0,         346,      -8.316466157,      -7.575872635,      -7.935519801,      -0.454908749,      -11.54320917
          0,           0,         347,      -8.309974362,      -7.581149603,      -7.930382855,     -0.4584507431,      -11.54326297
          0,           0,         348,      -8.304446103,      -7.586184049,      -7.924862363,     -0.4621889128,      -11.54342256
          0,           0,         349,       -8.29986648,      -7.590932203,      -7.919075391,     -0.4657586831,       -11.5436928
          0,           0,         350,      -8.296222247,      -7.595353949,      -7.913132297,     -0.4693142339,       -11.5440785
          0,           0,         351,        -8.2935019,      -7.599414057,       -7.90713377,     -0.4728362576,       -11.5445843
          0,           0,         352,      -8.291695504,      -7.603083486,      -7.901169603,     -0.4765131537,      -11.54521475
          0,           0,         353,      -8.290794475,      -7.606340554,       -7.89531833,      -0.479963018,      -11.54597418
          0,           0,         354,      -8.290791393,      -7.609171909,      -7.889647372,     -0.4834903572,      -11.54686673
          0,           0,         355,      -8.291679769,      -7.611573224,      -7.884213506,     -0.4871946752,      -11.54789631
          0,           0,         356,      -8.293453764,      -7.613549558,      -7.879063568,     -0.4907323565,      -11.54906658
          0,           0,         357,      -8.296107857,      -7.615115347,      -7.874235346,     -0.4942330319,      -11.55038094
          0,           0,         358,      -8.299636593,      -7.616292751,      -7.869758533,     -0.4977417718,      -11.55184232
          0,           0,         359,      -8.304033481,      -7.617114441,      -7.865655653,     -0.5013933695,       -11.5534534
          0,           0,         360,      -8.309291155,      -7.617619406,      -7.861943091,     -0.5047804966,      -11.55521657
          0,           0,         361,      -8.315400382,      -7.617852874,      -7.858631936,     -0.5083061124,      -11.55713398
          0,           0,         362,      -8.322349084,      -7.617864877,      -7.855728905,     -0.5119698854,      -11.55920752
          0,           0,         363,      -8.330121124,      -7.617708928,      -7.853237138,     -0.5154892651,      -11.56143873
          0,           0,         364,      -8.338694872,      -7.617440653,      -7.851156855,      -0.518931598,      -11.56382878
          0,           0,         365,      -8.348041466,      -7.617116353,      -7.849485892,      -0.522439103,      -11.56637843
          0,           0,         366,      -8.358122673,      -7.616792169,      -7.848220186,     -0.5260690667,      -11.56908793
          0,           0,         367,      -8.368888354,      -7.616522631,      -7.847354135,     -0.5294032262,      -11.57195705
          0,           0,         368,      -8.380273399,      -7.616360005,      -7.846881039,     -0.5329453703,      -11.57498508
          0,           0,         369,      -8.392194203,      -7.616353594,      -7.846793411,     -0.5365660534,      -11.57817077
          0,           0,         370,      -8.404544787,      -7.616549212,      -7.847083288,     -0.5400791572,       -11.5815125
          0,           0,         371,       -8.41719266,        -7.6169888,      -7.847742492,     -0.5434619634,       -11.5850082
          0,           0,         372,      -8.429974828,      -7.617710138,       -7.84876285,      -0.546981937,       -11.5886554
          0,           0,         373,      -8.442694558,      -7.618746623,      -7.850136419,      -0.550590355,      -11.59245124
          0,           0,         374,      -8.455119355,      -7.620127153,      -7.851855557,     -0.5538800036,      -11.59639249
          0,           0,         375,      -8.466982415,      -7.621876476,       -7.85391334,     -0.5574573827,      -11.60047554
          0,           0,         376,      -8.477987766,      -7.624013845,      -7.856303729,      -0.561029471,      -11.60469638
          0,           0,         377,      -8.487820344,      -7.626553942,      -7.859021496,     -0.5645418269,      -11.60905062
          0,           0,         378,      -8.496162742,      -7.629506567,      -7.862062304,     -0.5678639242,      -11.61353342
          0,           0,         379,      -8.502717451,      -7.632876434,      -7.865422697,     -0.5714042183,      -11.61813951
          0,           0,         380,      -8.507232469,      -7.636663097,       -7.86910006,     -0.5749780934,       -11.6228632
          0,           0,         381,      -8.509527349,       -7.64086009,       -7.87309174,     -0.5782332712,       -11.6276983
          0,           0,         382,      -8.509513196,      -7.645455448,      -7.877396976,     -0.5818617625,      -11.63263822
          0,           0,         383,      -8.507203173,      -7.650431279,      -7.882014187,     -0.5853771747,      -11.63767596
          0,           0,         384,      -8.502711332,      -7.655763232,      -7.886941281,     -0.5888880379,      -11.64280413
          0,           0,         385,      -8.496239201,      -7.661420393,      -7.892175401,     -0.5921533326,      -11.64801493
          0,           0,         386,      -8.488053627,      -7.667364944,      -7.897712285,     -0.5957155307,      -11.65330029
          0,           0,         387,      -8.478460615,      -7.673551889,      -7.903545464,     -0.5992301524,      -11.65865181
          0,           0,         388,      -8.467780025,      -7.679928934,       -7.90966533,     -0.6024651592,      -11.66406085
          0,           0,         389,      -8.456324604,      -7.686436516,      -7.916058117,     -0.6061508463,      -11.66951854
          0,           0,         390,      -8.444384982,      -7.693008013,      -7.922705194,     -0.6096026254,      -11.67501577
          0,           0,         391,      -8.432220628,      -7.699570198,      -7.929580933,     -0.6131038535,      -11.68054329
          0,           0,         392,      -8.420056144,      -7.706044222,       -7.93665186,     -0.6163239803,      -11.68609167
          0,           0,         393,      -8.408081204,      -7.712347064,      -7.943875713,     -0.6199003818,      -11.69165135
          0,           0,         394,      -8.396450175,      -7.718390814,      -7.951199717,     -0.6233288309,      -11.69721265
          0,           0,         395,      -8.385290114,       -7.72408793,      -7.958558352,     -0.6265585894,      -11.70276591
          0,           0,         396,      -8.374703247,      -7.729352001,      -7.965872603,     -0.6302903686,      -11.70830139
          0,           0,         397,      -8.364769494,      -7.734101413,      -7.973050311,     -0.6336800932,       -11.7138094
          0,           0,         398,      -8.355549647,      -7.738262555,       -7.97998285,     -0.6371586141,      -11.71928046
          0,           0,         399,      -8.347090585,      -7.741771893,      -7.986544871,     -0.6403511099,      -11.72470541
          0,           0,         400,      -8.339428263,      -7.744578802,      -7.992599197,     -0.6439283607,      -11.73007551
          0,           0,         401,      -8.332590209,      -7.746648057,      -7.997999569,     -0.6472603774,      -11.73538247
          0,           0,         402,      -8.326597386,      -7.747961322,      -8.002595056,     -0.6504980051,      -11.74061843
          0,           0,         403,      -8.321465729,      -7.748517755,      -8.006235969,     -0.6542482996,      -11.74577603
          0,           0,         404,      -8.317207488,      -7.748333742,      -8.008781339,     -0.6575964036,      -11.75084845
          0,           0,         405,      -8.313832314,      -7.747441915,      -8.010107407,     -0.6610402504,      -11.75582947
          0,           0,         406,      -8.311348178,      -7.745889268,      -8.010116412,     -0.6642228415,      -11.76071364
          0,           0,         407,      -8.309762058,      -7.743734655,      -8.008744201,     -0.6677843924,      -11.76549631
          0,           0,         408,      -8.309080498,      -7.741046042,      -8.005965791,     -0.6710289924,      -11.77017381
          0,           0,         409,      -8.309310067,      -7.737897538,      -8.001798284,     -0.6742834324,      -11.77474349
          0,           0,         410,      -8.310457699,      -7.734366534,      -7.996300453,     -0.6780114655,      -11.77920378
          0,           0,         411,      -8.312530977,      -7.730531119,      -7.989569021,     -0.6813404538,      -11.78355421
          0,           0,         412,      -8.315538344,      -7.726467856,      -7.981732286,     -0.6847301044,      -11.78779534
          0,           0,         413,      -8.319489265,      -7.722249987,      -7.972942006,      -0.687914271,      -11.79192871
          0,           0,         414,      -8.324394321,      -7.717946055,      -7.963364546,      -0.691445918,      -11.79595675
          0,           0,         415,      -8.330265216,      -7.713619075,      -7.953172316,     -0.6946186869,      -11.79988264
          0,           0,         416,      -8.337114718,      -7.709325914,      -7.942536334,     -0.6979060006,      -11.80371022
          0,           0,         417,      -8.344956486,      -7.705117099,      -7.931620317,     -0.7015787606,      -11.80744385
          0,           0,         418,      -8.353804766,      -7.701036866,      -7.920576479,     -0.7049102558,      -11.81108844
          0,           0,         419,      -8.363673811,      -7.697123332,      -7.909542939,     -0.7082301062,      -11.81464915
          0,           0,         420,      -8.374577273,      -7.693408837,      -7.898642521,     -0.7114301804,       -11.8181314
          0,           0,         421,      -8.386527509,       -7.68992077,      -7.887982638,     -0.7149272645,      -11.82154066
          0,           0,         422,      -8.399533536,      -7.686681574,      -7.877655928,     -0.7180379398,      -11.82488237
          0,           0,         423,      -8.413599111,      -7.683709326,      -7.867741321,     -0.7213853075,       -11.8281617
          0,           0,         424,      -8.428720011,      -7.681018237,      -7.858305281,     -0.7249790111,       -11.8313834
          0,           0,         425,      -8.444880105,      -7.678619185,      -7.849403127,     -0.7283312128,       -11.8345516
          0,           0,         426,      -8.462045973,      -7.676520156,      -7.841080385,     -0.7315668609,       -11.8376696
          0,           0,         427,      -8.480159723,      -7.674726575,      -7.833374095,     -0.7348008453,      -11.84073966
          0,           0,         428,      -8.499129531,      -7.673241643,      -7.826313977,     -0.7382605341,      -11.84376283
          0,           0,         429,      -8.518817458,      -7.672066634,      -7.819923449,     -0.7413124563,      -11.84673878
          0,           0,         430,      -8.539024344,      -7.671201181,      -7.814220519,     -0.7447562162,      -11.84966568
          0,           0,         431,      -8.559472141,       -7.67064351,      -7.809218547,     -0.7482486459,      -11.85254008
          0,           0,         432,      -8.579785247,      -7.670390756,       -7.80492688,     -0.7516382234,      -11.85535681
          0,           0,         433,      -8.599474274,      -7.670438915,      -7.801351764,     -0.7547741095,      -11.85810897
          0,           0,         434,      -8.617929778,      -7.670782667,      -7.798496341,     -0.7580623781,      -11.86078787
          0,           0,         435,      -8.634433587,      -7.671416117,      -7.796360393,     -0.7614773271,      -11.86338301
          0,           0,         436,      -8.648199692,      -7.672332988,      -7.794940768,     -0.7644737587,       -11.8658822
          0,           0,         437,      -8.658453198,      -7.673525919,      -7.794232696,     -0.7680531214,       -11.8682716
          0,           0,         438,      -8.664539475,       -7.67498638,      -7.794229625,     -0.7714242171,      -11.87053582
          0,           0,         439,      -8.666040423,      -7.676704764,      -7.794922843,     -0.7748660553,      -11.87265804
          0,           0,         440,      -8.662860034,      -7.678670382,      -7.796301229,     -0.7778874958,      -11.87462018
          0,           0,         441,      -8.655245304,      -7.680871319,      -7.798351167,     -0.7812474276,      -11.87640321
          0,           0,         442,      -8.643733532,      -7.683294185,      -7.801056478,     -0.7846035365,       -11.8779874
          0,           0,         443,      -8.629048045,      -7.685923821,      -7.804398273,     -0.7875511386,      -11.87935269
          0,           0,         444,      -8.611980948,      -7.688743032,      -7.808354682,     -0.7912929554,      -11.88047912
          0,           0,         445,      -8.593296031,      -7.691732314,      -7.812900512,     -0.7945350403,      -11.88134727
          0,           0,         446,      -8.573667238,      -7.694869564,      -7.818006857,     -0.7980356247,      -11.88193868
          0,           0,         447,      -8.553651587,       -7.69812979,      -7.823640691,     -0.8009349079,      -11.88223637
          0,           0,         448,      -8.533687033,      -7.701484885,      -7.829764433,     -0.8043690317,      -11.88222526
          0,           0,         449,       -8.51410445,      -7.704903306,      -7.836335532,     -0.8076521445,      -11.88189259
          0,           0,         450,      -8.495145498,      -7.708349906,      -7.843306008,     -0.8105615332,      -11.88122833
          0,           0,         451,      -8.476981191,      -7.711785831,      -7.850622033,     -0.8144578943,      -11.88022548
          0,           0,         452,      -8.459728556,      -7.715168525,      -7.858223575,     -0.8175907489,      -11.87888029
          0,           0,         453,      -8.443464483,      -7.718451863,      -7.866044174,     -0.8211416942,      -11.87719247
          0,           0,         454,      -8.428236691,      -7.721586466,      -7.874010883,     -0.8239294443,      -11.87516564
          0,           0,         455,      -8.414072146,      -7.724520226,      -7.882044455,     -0.8274161249,      -11.87280625
          0,           0,         456,      -8.400983399,      -7.727199042,       -7.89005984,     -0.8306266217,      -11.87012425
          0,           0,         457,      -8.388973281,      -7.729567808,      -7.897967061,     -0.8335180515,      -11.86713281
          0,           0,         458,      -8.378038343,      -7.731571618,      -7.905672521,     -0.8375131697,        -11.863848
          0,           0,         459,      -8.368171362,      -7.733157098,      -7.913080742,     -0.8405896756,      -11.86028844
          0,           0,         460,      -8.359362677,      -7.734272911,      -7.920096597,     -0.8441622466,      -11.85647494
          0,           0,         461,      -8.351603544,      -7.734876047,      -7.926627928,     -0.8468725923,      -11.85243005
          0,           0,         462,      -8.344884803,      -7.734927575,      -7.932588764,     -0.8503666442,      -11.84817763
          0,           0,         463,      -8.339197999,      -7.734397188,      -7.937902345,     -0.8535239423,      -11.84374242
          0,           0,         464,      -8.334536454,      -7.733264523,       -7.94250399,     -0.8564359967,      -11.83914963
          0,           0,         465,      -8.330895652,      -7.731519865,      -7.946343766,     -0.8604418553,      -11.83442453
          0,           0,         466,        -8.3282735,      -7.729164668,      -7.949388897,     -0.8635268853,      -11.82959212
          0,           0,         467,      -8.326670542,        -7.7262117,      -7.951625009,     -0.8670761379,      -11.82467681
          0,           0,         468,        -8.3260902,      -7.722685476,      -7.953056601,     -0.8697573531,      -11.81970217
          0,           0,         469,      -8.326538826,      -7.718620283,      -7.953706448,     -0.8732095071,      -11.81469068
          0,           0,         470,      -8.328026119,      -7.714057612,      -7.953613755,      -0.876332062,      -11.80966353
          0,           0,         471,      -8.330565602,      -7.709049021,      -7.952832055,     -0.8793179602,      -11.80464061
          0,           0,         472,      -8.334174491,      -7.703652003,      -7.951426894,     -0.8832506589,      -11.79964038
          0,           0,         473,      -8.338874138,       -7.69792809,      -7.949472584,     -0.8863915054,      -11.79467983
          0,           0,         474,      -8.344690399,      -7.691941168,       -7.94704904,     -0.8898731893,      -11.78977441
          0,           0,         475,      -8.351654037,      -7.685756008,      -7.944238831,     -0.8925692437,        -11.784938
          0,           0,         476,      -8.359801206,      -7.679436921,      -7.941124627,      -0.895941107,      -11.78018293
          0,           0,         477,      -8.369174034,      -7.673046567,      -7.937787112,     -0.8990315643,      -11.77551998
          0,           0,         478,      -8.379821293,      -7.666644981,      -7.934303367,     -0.9021551494,      -11.77095849
          0,           0,         479,      -8.391799111,       -7.66028886,      -7.930745707,     -0.9059422786,      -11.76650623
          0,           0,         480,      -8.405171727,      -7.654030785,      -7.927181221,     -0.9091691841,      -11.76216989
          0,           0,         481,      -8.420013132,      -7.647918845,      -7.923670338,     -0.9125464031,      -11.75795497
          0,           0,         482,      -8.436406887,      -7.641997269,      -7.920267363,     -0.9152903262,      -11.75386557
          0,           0,         483,      -8.454448324,      -7.636306173,       -7.91702112,     -0.9185464455,      -11.74990447
          0,           0,         484,      -8.474245066,      -7.630881169,      -7.913974812,     -0.9216032359,      -11.74607269
          0,           0,         485,       -8.49591787,      -7.625753693,        -7.9111661,      -0.924936061,      -11.74237273
          0,           0,         486,       -8.51960065,      -7.620950923,      -7.908627602,      -0.928508624,      -11.73880516
          0,           0,         487,      -8.545439366,       -7.61649636,      -7.906387361,     -0.9318477302,      -11.73536981
          0,           0,         488,      -8.573588069,      -7.612409986,      -7.904469397,     -0.9350854737,      -11.73206589
          0,           0,         489,      -8.604200056,      -7.608708452,      -7.902894078,     -0.9379034534,      -11.72889198
          0,           0,         490,      -8.637409813,       -7.60540527,      -7.901678448,      -0.941005424,      -11.72584615
          0,           0,         491,      -8.673297959,      -7.602511052,       -7.90083657,     -0.9440256356,      -11.72292601
          0,           0,         492,      -8.711825764,      -7.600033657,      -7.900379861,     -0.9476402043,      -11.72012877
          0,           0,         493,      -8.752716833,      -7.597978366,      -7.900317342,      -0.950932183,      -11.71745129
          0,           0,         494,      -8.795253292,      -7.596348029,      -7.900655885,     -0.9544097287,      -11.71489019
          0,           0,         495,      -8.837955118,      -7.595143168,      -7.901400271,     -0.9574678567,      -11.71244188
          0,           0,         496,      -8.878167281,      -7.594362068,      -7.902553203,      -0.960378006,      -11.71010264
          0,           0,         497,      -8.911778944,      -7.594000852,      -7.904115298,     -0.9632934506,      -11.70786866
          0,           0,         498,       -8.93365816,      -7.594053507,      -7.906085007,     -0.9662650746,      -11.70573609
          0,           0,         499,      -8.939408742,      -7.594511912,      -7.908458486,     -0.9702088572,       -11.7037011
          0,           0,         500,      -8.927785308,      -7.595365829,      -7.911229387,     -0.9731824214,      -11.70175994
          0,           0,         501,      -8.901514262,      -7.596602881,       -7.91438858,     -0.9768197522,      -11.69990895
          0,           0,         502,       -8.86557462,      -7.598208523,      -7.917923812,     -0.9796512471,      -11.69814461
          0,           0,         503,        -8.8248286,      -7.600165867,      -7.921819173,     -0.9826538255,       -11.6964636
          0,           0,         504,      -8.782811852,      -7.602455884,      -7.926054209,     -0.9853934616,      -11.69486282
          0,           0,         505,      -8.741670561,      -7.605057576,      -7.930604995,     -0.9882833734,      -11.69333939
          0,           0,         506,      -8.702540432,      -7.607947236,      -7.935442827,      -0.992535211,      -11.69189072
          0,           0,         507,      -8.665936296,      -7.611098866,      -7.940532531,      -0.995217968,      -11.69051449
          0,           0,         508,      -8.632024454,       -7.61448427,      -7.945832264,     -0.9990208712,      -11.68920872
          0,           0,         509,      -8.600788466,      -7.618073063,      -7.951293223,      -1.001574772,      -11.68797171
          0,           0,         510,      -8.572123267,      -7.621832719,      -7.956859188,      -1.004635524,      -11.68680216
          0,           0,         511,      -8.545886497,       -7.62572869,      -7.962466051,      -1.007293653,      -11.68569908
          0,           0,         512,      -8.521925656,      -7.629724629,      -7.968041514,      -1.010054814,      -11.68466189
          0,           0,         513,       -8.50009191,       -7.63378269,      -7.973505159,      -1.014497758,      -11.68369035
          0,           0,         514,      -8.480248184,       -7.63786482,      -7.978769086,      -1.016999878,      -11.68278459
          0,           0,         515,      -8.462265644,      -7.641929978,      -7.983739081,      -1.020943713,      -11.68194513
          0,           0,         516,      -8.446033333,      -7.645938594,       -7.98831537,      -1.023176075,      -11.68117284
          0,           0,         517,      -8.431452274,       -7.64985139,      -7.992396166,       -1.02622269,      -11.68046892
          0,           0,         518,      -8.418435539,      -7.653630205,       -7.99588034,      -1.028960487,      -11.67983495
          0,           0,         519,      -8.406907438,      -7.657238764,       -7.99867088,      -1.031575862,      -11.67927282
          0,           0,         520,       -8.39680247,      -7.660643428,      -8.000678986,       -1.03603409,      -11.67878473
          0,           0,         521,      -8.388064346,      -7.663813953,      -8.001828309,      -1.038508097,       -11.6783732
          0,           0,         522,      -8.380645109,       -7.66672421,      -8.002058917,      -1.042527717,      -11.67804102
          0,           0,         523,      -8.374504398,      -7.669352818,      -8.001331016,       -1.04442762,      -11.67779125
          0,           0,         524,      -8.369608835,      -7.671683578,      -7.999628597,      -1.047370868,      -11.67762723
          0,           0,         525,      -8.365931421,      -7.673706247,      -7.996954555,      -1.050309879,      -11.67755239
          0,           0,         526,       -8.36345124,      -7.675416809,      -7.993340604,      -1.052838137,      -11.67757044
          0,           0,         527,      -8.362153033,      -7.676816962,      -7.988840205,      -1.057148093,       -11.6776853
          0,           0,         528,      -8.362026914,      -7.677914261,      -7.983525295,      -1.059719274,      -11.67790109
          0,           0,         529,      -8.363068199,      -7.678722077,       -7.97748333,      -1.063727122,      -11.67822202
          0,           0,         530,      -8.365277332,      -7.679259193,      -7.970813616,       -1.06534919,      -11.67865241
          0,           0,         531,      -8.368659844,      -7.679549175,       -7.96362305,      -1.068098741,      -11.67919664
          0,           0,         532,      -8.373226363,      -7.679619679,      -7.956021987,      -1.071252554,      -11.67985916
          0,           0,         533,      -8.378992686,      -7.679501748,      -7.948120686,      -1.073860622,      -11.68064441
          0,           0,         534,      -8.385979913,      -7.679229087,      -7.940026463,      -1.077871442,      -11.68155683
          0,           0,         535,      -8.394214614,      -7.678837342,      -7.931841498,      -1.080623015,      -11.68260081
          0,           0,         536,       -8.40372903,      -7.678363393,      -7.923661278,      -1.084524232,      -11.68378063
          0,           0,         537,       -8.41456127,      -7.677844707,       -7.91557367,      -1.085993829,      -11.68510048
          0,           0,         538,      -8.426755479,      -7.677318763,      -7.907658382,      -1.088439119,      -11.68656442
          0,           0,         539,      -8.440361918,       -7.67682255,      -7.899986938,      -1.091757031,       -11.6881763
          0,           0,         540,      -8.455436856,      -7.676392167,      -7.892622915,      -1.094663258,      -11.68993976
          0,           0,         541,      -8.472042143,      -7.676062548,      -7.885622376,      -1.098217948,      -11.69185816
          0,           0,         542,      -8.490244165,      -7.675867168,        -7.8790346,      -1.101216743,      -11.69393455
          0,           0,         543,      -8.510112003,      -7.675837828,      -7.872902083,      -1.104931051,      -11.69617164
          0,           0,         544,      -8.531713772,       -7.67600461,      -7.867262142,      -1.106383899,      -11.69857178
          0,           0,         545,      -8.555110533,      -7.676395839,      -7.862146889,      -1.108410969,      -11.70113686
          0,           0,         546,      -8.580345949,      -7.677037965,      -7.857584127,      -1.111850387,      -11.70386832
          0,           0,         547,       -8.60742972,      -7.677955539,      -7.853597833,      -1.115259416,      -11.70676707
          0,           0,         548,      -8.636310922,      -7.679171609,      -7.850208226,      -1.118206446,      -11.70983342
          0,           0,         549,      -8.666833838,       -7.68070759,      -7.847431726,      -1.121516006,       -11.7130671
          0,           0,         550,       -8.69867328,      -7.682583074,      -7.845282695,      -1.124988889,      -11.71646717
          0,           0,         551,       -8.73123984,      -7.684815837,      -7.843773583,      -1.126513707,      -11.72003197
          0,           0,         552,      -8.763555736,      -7.687422208,      -7.842914755,      -1.128038654,      -11.72375906
          0,           0,         553,        -8.7941253,      -7.690416141,      -7.842714557,      -1.131580343,      -11.72764519
          0,           0,         554,      -8.820869995,      -7.693810851,      -7.843179146,      -1.135611726,      -11.73168618
          0,           0,         555,      -8.841264488,      -7.697617844,      -7.844312839,      -1.137874718,      -11.73587695
          0,           0,         556,      -8.852820802,       -7.70184675,      -7.846118181,      -1.141552925,      -11.74021141
          0,           0,         557,      -8.853871345,      -7.706505412,      -7.848595869,       -1.14474571,      -11.74468245
          0,           0,         558,      -8.844251008,      -7.711599377,      -7.851744535,      -1.146358667,      -11.74928188
          0,           0,         559,      -8.825371032,      -7.717131904,       -7.85556042,      -1.147411296,      -11.75400041
          0,           0,         560,       -8.79962316,      -7.723103803,      -7.860036978,      -1.151011089,      -11.75882761
          0,           0,         561,      -8.769574606,      -7.729512921,      -7.865164435,      -1.155620641,      -11.76375188
          0,           0,         562,      -8.737412054,      -7.736353656,      -7.870929245,        -1.1572761,      -11.76876045
          0,           0,         563,      -8.704744863,       -7.74361639,      -7.877313417,      -1.161365892,      -11.77383937
          0,           0,         564,       -8.67264264,      -7.751286752,      -7.884293698,      -1.164235316,      -11.77897353
          0,           0,         565,      -8.641760212,        -7.7593449,      -7.891840544,      -1.165872895,      -11.78414671
          0,           0,         566,       -8.61246579,      -7.767764509,      -7.899916654,      -1.166702207,      -11.78934159
          0,           0,         567,      -8.584941202,      -7.776511647,      -7.908477477,      -1.170258592,       -11.7945399
          0,           0,         568,      -8.559253625,      -7.785543736,      -7.917466674,      -1.175200387,      -11.79972245
          0,           0,         569,      -8.535403021,      -7.794814728,      -7.926816752,       -1.17649353,      -11.80486931
          0,           0,         570,      -8.513347869,      -7.804259817,      -7.936447886,      -1.180996099,      -11.80995988
          0,           0,         571,      -8.493028062,      -7.813793406,      -7.946264416,      -1.183456152,      -11.81497315
          0,           0,         572,      -8.474376836,      -7.823328214,      -7.956153078,      -1.184991855,      -11.81988808
          0,           0,         573,      -8.457323994,      -7.832761882,      -7.965985573,      -1.186051745,      -11.82468385
          0,           0,         574,       -8.44180105,      -7.841977087,      -7.975617563,      -1.189446091,      -11.82934003
          0,           0,         575,      -8.427743778,      -7.850842527,      -7.984889345,      -1.194375922,      -11.83383689
          0,           0,         576,      -8.415093317,      -7.859215146,      -7.993628534,      -1.195627808,       -11.8381556
          0,           0,         577,      -8.403795965,      -7.866940853,      -8.001654415,      -1.200497196,      -11.84227851
          0,           0,         578,      -8.393805622,       -7.87386786,      -8.008784429,      -1.202409313,      -11.84618946
          0,           0,         579,      -8.385081551,      -7.879843288,      -8.014843191,      -1.203723038,      -11.84987405
          0,           0,         580,      -8.377588166,      -7.884723747,      -8.019672119,      -1.205479564,      -11.85331988
          0,           0,         581,      -8.371295534,      -7.888384516,      -8.023139212,      -1.208653325,      -11.85651679
          0,           0,         582,      -8.366179222,      -7.890727144,      -8.025148342,      -1.213279828,      -11.85945709
          0,           0,         583,      -8.362219969,      -7.891686486,      -8.025646811,      -1.214739825,      -11.86213567
          0,           0,         584,      -8.359403474,      -7.891235849,       -8.02462952,      -1.219911293,      -11.86455012
          0,           0,         585,      -8.357720257,      -7.889389443,      -8.022139224,      -1.221123518,      -11.86670067
          0,           0,         586,      -8.357165571,      -7.886201648,      -8.018262763,      -1.222110777,      -11.86859025
          0,           0,         587,      -8.357739382,       -7.88176314,      -8.013123972,      -1.224862492,      -11.87022425
          0,           0,         588,      -8.359446409,      -7.876194473,      -8.006874394,      -1.227892408,      -11.87161042
          0,           0,         589,      -8.362296248,      -7.869638341,      -7.999683155,      -1.231989763,      -11.87275862
          0,           0,         590,      -8.366303543,      -7.862251063,      -7.991727173,      -1.233835842,      -11.87368052
          0,           0,         591,      -8.371488121,      -7.854194468,      -7.983182729,      -1.239224399,      -11.87438932
          0,           0,         592,      -8.377875078,      -7.845629598,      -7.974218746,      -1.239661725,      -11.87489943
          0,           0,         593,      -8.385495504,      -7.836710592,      -7.964991981,      -1.240165998,       -11.8752261
          0,           0,         594,      -8.394386685,      -7.827581499,       -7.95564415,      -1.244015749,      -11.87538515
          0,           0,         595,      -8.404592626,      -7.818373577,      -7.946300648,      -1.247143281,      -11.87539262
          0,           0,         596,      -8.416164604,      -7.809204003,      -7.937070417,      -1.250482071,      -11.87526449
          0,           0,         597,      -8.429161755,      -7.800175875,      -7.928046755,      -1.252875882,      -11.87501618
          0,           0,         598,      -8.443651641,      -7.791378526,      -7.919308396,      -1.258353628,       -11.8746631
          0,           0,         599,      -8.459710797,      -7.782887578,      -7.910920041,      -1.258085947,      -11.87421966
          0,           0,         600,      -8.477425016,       -7.77476751,      -7.902935115,      -1.257865064,      -11.87369907
          0,           0,         601,      -8.496889387,      -7.767072662,      -7.895397199,      -1.262746807,      -11.87311338
          0,           0,         602,      -8.518207487,      -7.759848106,      -7.888341219,      -1.266373511,      -11.87247347
          0,           0,         603,       -8.54148908,      -7.753130755,       -7.88179466,      -1.268696474,      -11.87178889
          0,           0,         604,      -8.566845308,      -7.746950572,      -7.875778801,      -1.271787015,      -11.87106781
          0,           0,         605,      -8.594377635,      -7.741324598,      -7.870310003,      -1.277188406,      -11.87031699
          0,           0,         606,      -8.624165399,      -7.736279843,       -7.86539857,      -1.276432789,      -11.86954159
          0,           0,         607,      -8.656233994,         -7.731831,      -7.861053985,      -1.275215078,      -11.86874526
          0,           0,         608,      -8.690498076,      -7.727987889,      -7.857282367,      -1.280947517,      -11.86793013
          0,           0,         609,       -8.72667618,      -7.724757794,      -7.854086569,       -1.28543582,      -11.86709694
          0,           0,         610,      -8.764149912,      -7.722145509,      -7.851467213,      -1.286576536,      -11.86624523
          0,           0,         611,      -8.801754715,      -7.720153245,      -7.849423396,      -1.290475753,      -11.86537339
          0,           0,         612,      -8.837523472,      -7.718780725,      -7.847952833,      -1.295648935,      -11.86447885
          0,           0,         613,      -8.868504584,      -7.718025381,      -7.847051769,      -1.294590598,      -11.86355809
          0,           0,         614,      -8.890950108,      -7.717882494,      -7.846714939,      -1.292303289,      -11.86260672
          0,           0,         615,      -8.901229948,      -7.718345166,      -7.846935669,      -1.298637045,      -11.86161963
          0,           0,         616,      -8.897345759,      -7.719404164,      -7.847705986,      -1.304007458,      -11.86059101
          0,           0,         617,      -8.880001917,      -7.721047669,      -7.849016465,      -1.304055359,      -11.85951458
          0,           0,         618,      -8.852209761,      -7.723261009,      -7.850856212,      -1.308809676,      -11.85838367
          0,           0,         619,      -8.817824193,      -7.726026306,      -7.853212664,      -1.313637954,      -11.85719143
          0,           0,         620,      -8.780256595,      -7.729322086,      -7.856071326,      -1.312246196,      -11.85593099
          0,           0,         621,      -8.741956611,      -7.733122831,      -7.859415437,      -1.309264332,      -11.85459568
          0,           0,         622,      -8.704457242,      -7.737398462,      -7.863225534,      -1.315926196,      -11.85317914
          0,           0,         623,      -8.668618197,      -7.742113391,      -7.867478947,      -1.321739492,      -11.85167553
          0,           0,         624,      -8.634866659,      -7.747226896,      -7.872149126,       -1.32111556,      -11.85007968
          0,           0,         625,      -8.603370809,      -7.752691741,      -7.877206701,      -1.326691262,      -11.84838722
          0,           0,         626,      -8.574152252,      -7.758453105,      -7.882617495,      -1.331051832,      -11.84659466
          0,           0,         627,      -8.547154922,      -7.764448612,      -7.888341642,      -1.329094958,      -11.84469953
          0,           0,         628,      -8.522285033,      -7.770607922,      -7.894333434,      -1.326232216,      -11.84270041
          0,           0,         629,      -8.499433795,      -7.776852321,      -7.900541084,      -1.332986287,      -11.84059704
          0,           0,         630,      -8.478490551,      -7.783095299,      -7.906906364,      -1.338558401,      -11.83839035
